Embedding,Isolated labels,KMeans NMI,KMeans ARI,Silhouette label,cLISI,BRAS,iLISI,KBET,Graph connectivity,PCR comparison,Batch correction,Bio conservation,Total
X_pca,0.44232985,0.32296050214006905,0.21876153840806495,0.5025825,0.9415276,0.6220777,0.011400309,0.08033169260372007,0.6428956638439887,0.0,0.2713410684613252,0.48563241958618164,0.39991587913623905
X_scVI,0.46092346,0.32635243591039087,0.20396428358994054,0.5014023,0.9312668,0.6167293,0.05845058,0.14189332266722973,0.6625916589184608,0.0822584104957914,0.3123846581640686,0.4847818374633789,0.41582296574365474
X_scAtlasVAE_unsup,0.46774802,0.3149487005989353,0.195904149186561,0.4988753,0.9285446,0.5985661,0.047082603,0.12961233651440318,0.6650601578309747,0.003601743508961286,0.2887845911469176,0.48120412826538084,0.40423631341799554
X_scAtlasVAE_sup,0.4941258,0.37140417434827144,0.23992891294316138,0.5028725,0.934405,0.6141764,0.05610406,0.1345692562200724,0.7198733486961068,0.09725031234980436,0.3243946747617904,0.508547306060791,0.43488625354119076
Metric Type,Bio conservation,Bio conservation,Bio conservation,Bio conservation,Bio conservation,Batch correction,Batch correction,Batch correction,Batch correction,Batch correction,Aggregate score,Aggregate score,Aggregate score
