design,method,n_query,accuracy,macro_f1,macro_ovr_auc
A,scAtlasVAE (zero-shot),5240,0.5975190839694656,0.5251018856649531,0.940633960737033
A,scAtlasVAE (full-shot),5240,0.6101145038167939,0.5303678564626444,0.9396477931269248
A,kNN on scVI latent,5240,0.6406488549618321,0.5103191583328723,0.9053060740022032
B,scAtlasVAE (zero-shot),19926,0.5317173542105792,0.45111916995767476,0.9073682672338484
B,kNN on scVI latent,19926,0.5307638261567801,0.37710157149346724,0.8133003017394946
