Embedding,Isolated labels,KMeans NMI,KMeans ARI,Silhouette label,cLISI,BRAS,iLISI,KBET,Graph connectivity,PCR comparison,Batch correction,Bio conservation,Total
X_pca,0.38774395,0.09197779168889886,0.04072953249510101,0.4494115,0.86245,0.7010791,0.061206557,0.20912208739586155,0.3665671416965152,0.0,0.2675949757737671,0.36646256446838377,0.3269155289905371
X_harmony,0.4195337,0.37626528775459506,0.2811184956306635,0.5068716,0.9271904,0.8714558,0.119077206,0.579051229672658,0.5063745392723625,0.698227205689102,0.5548371937808894,0.502195930480957,0.52325243580093
X_scAtlasVAE,0.47618622,0.3323649637477284,0.207803573930362,0.5003759,0.92597485,0.5959911,0.055821892,0.19525328051475266,0.6800966535681433,0,0.3054325809442342,0.4885411262512207,0.4152977081284261
Metric Type,Bio conservation,Bio conservation,Bio conservation,Bio conservation,Bio conservation,Batch correction,Batch correction,Batch correction,Batch correction,Batch correction,Aggregate score,Aggregate score,Aggregate score
