n_cells,fit_seconds,peak_gpu_mb,sec_per_epoch,sec_per_10k_cells
10002,30.422589778900146,109.83935546875,1.5211294889450073,30.416506477604628
29999,91.71771430969238,109.71630859375,4.585885715484619,30.57359055624934
60005,180.26685214042664,109.71630859375,9.013342607021332,30.04197185908285
100006,320.57426595687866,109.71630859375,16.028713297843932,32.055503265491936
