Embedding,Isolated labels,KMeans NMI,KMeans ARI,Silhouette label,cLISI,BRAS,iLISI,KBET,Graph connectivity,PCR comparison,Batch correction,Bio conservation,Total
X_nlat2,0.42927262,0.25030832057120234,0.1414937900862721,0.4487147,0.8315838,0.50277853,0.1698098,0.07430161141070835,0.22661976941438938,0,0.1947019458427539,0.4202746391296387,0.33004556181488476
X_nlat10,0.5177232,0.36317868853796736,0.23835346166510593,0.5047799,0.935534,0.59296167,0.05170807,0.12150494237538277,0.7442251825597225,0.01641105329477067,0.30536217796393783,0.5119138717651367,0.4292931942446572
X_nlat50,0.5395488,0.413287893954931,0.28135965003102503,0.5143771,0.9471862,0.6718419,0.025424032,0.08521698895084381,0.8058415641577992,0.21117005179728182,0.35989890558582976,0.539151954650879,0.46745073502485923
X_nowarmup,0.49385318,0.3654777261625402,0.23326700655744612,0.5060661,0.9349266,0.59910715,0.05410247,0.13644805745684674,0.7392888380487141,0.05309651480402538,0.3164086073968477,0.5067181587219238,0.4305943381918934
Metric Type,Bio conservation,Bio conservation,Bio conservation,Bio conservation,Bio conservation,Batch correction,Batch correction,Batch correction,Batch correction,Batch correction,Aggregate score,Aggregate score,Aggregate score
