Embedding,Isolated labels,KMeans NMI,KMeans ARI,Silhouette label,cLISI,BRAS,iLISI,KBET,Graph connectivity,PCR comparison,Batch correction,Bio conservation,Total
X_pca,0.44232985,0.32296050214006905,0.21876153840806495,0.5025825,0.9415276,0.6220777,0.011400309,0.08033169260372007,0.6428956638439887,0.0,0.2713410684613252,0.48563241958618164,0.39991587913623905
X_scVI,0.46092346,0.32635243591039087,0.20396428358994054,0.5014023,0.9312668,0.6167293,0.05845058,0.14189332266722973,0.6625916589184608,0.0822584104957914,0.3123846581640686,0.4847818374633789,0.41582296574365474
X_scAtlasVAE_unsup,0.46923712,0.30923556053273493,0.1844181732763499,0.49912795,0.9277828,0.6185833,0.056014944,0.13303409404750646,0.679750052711204,0.059386044170747374,0.30935369350892017,0.47796030044555665,0.41051765767090204
X_scAtlasVAE_sup,0.51915836,0.3707757526072285,0.247185690888345,0.5053912,0.93408436,0.6213645,0.059633147,0.13454696230318586,0.7352846016148304,0.12985029364785783,0.33613589353160744,0.5153190612792968,0.4436457941802211
Metric Type,Bio conservation,Bio conservation,Bio conservation,Bio conservation,Bio conservation,Batch correction,Batch correction,Batch correction,Batch correction,Batch correction,Aggregate score,Aggregate score,Aggregate score
