design,method,n_query,accuracy,macro_f1,macro_ovr_auc
A,scAtlasVAE (zero-shot),5240,0.4295801526717557,0.3454931188859152,0.8912882433918998
A,scAtlasVAE (full-shot),5240,0.4389312977099237,0.36918795188058834,0.9050317274278715
A,kNN on scVI latent,5240,0.6406488549618321,0.5103191583328723,0.9053060740022032
B,scAtlasVAE (zero-shot),19926,0.3126568302720064,0.27198485321480986,0.8509256381537667
B,kNN on scVI latent,19926,0.5307638261567801,0.37710157149346724,0.8133003017394946
