Embedding,Isolated labels,KMeans NMI,KMeans ARI,Silhouette label,cLISI,BRAS,iLISI,KBET,Graph connectivity,PCR comparison,Batch correction,Bio conservation,Total
X_pca,0.44232985,0.32296050214006905,0.21876153840806495,0.5025825,0.9415276,0.6220777,0.011400309,0.08033169260372007,0.6428956638439887,0.0,0.2713410684613252,0.48563241958618164,0.39991587913623905
X_scVI,0.46092346,0.32635243591039087,0.20396428358994054,0.5014023,0.9312668,0.6167293,0.05845058,0.14189332266722973,0.6625916589184608,0.0822584104957914,0.3123846581640686,0.4847818374633789,0.41582296574365474
X_scAtlasVAE_sup,0.4941258,0.37140417434827144,0.23992891294316138,0.5028725,0.934405,0.6141764,0.05610406,0.1345692562200724,0.7198733486961068,0.09725031234980436,0.3243946747617904,0.508547306060791,0.43488625354119076
X_minimal,0.47306147,0.3121410897464832,0.17609738860194188,0.50078154,0.932011,0.60176444,0.048876286,0.13550447160728443,0.6859066235689986,0.008940495370506446,0.29619846332725336,0.4788185119628906,0.4057704925086357
Metric Type,Bio conservation,Bio conservation,Bio conservation,Bio conservation,Bio conservation,Batch correction,Batch correction,Batch correction,Batch correction,Batch correction,Aggregate score,Aggregate score,Aggregate score
